customer_id,gender
13451465,0
94717028,0
19887045,0
64373283,0
36088664,0
63382686,0
62701049,0
14092000,0
4987087,0
89080223,0
85902713,0
5333309,0
79532297,0
43803219,0
48760719,0
98359180,0
28320690,0
64664590,0
66118344,0
14747265,0
74621121,0
92616519,0
46896161,0
92473527,0
66342111,0
35444959,0
88697567,0
32589358,0
91983549,0
58017754,0
64995508,0
91475168,0
80641897,0
72386019,0
25340658,0
86829717,0
4781345,0
86777770,0
41278606,0
63470330,0
24331428,0
73410933,0
48762969,0
62323241,0
73674968,0
73258460,0
82453967,0
99501206,0
87706762,0
80857108,0
68078489,0
14332733,0
46174469,0
37530590,0
984061,0
18265734,0
35374286,0
17044298,0
81998653,0
78996587,0
72288442,0
33016455,0
1505158,0
82893062,0
85892139,0
42943868,0
54916897,0
4444740,0
70344484,0
19196586,0
81615369,0
61399891,0
94238500,0
25873481,0
37006093,0
48131034,0
4131179,0
40697441,0
97954177,0
50309844,0
20607335,0
47419963,0
25670842,0
41733016,0
73350115,0
50339535,0
47412460,0
38688843,0
90334624,0
90522298,0
99585323,0
36422352,0
45123326,0
81777225,0
53627743,0
52165266,0
21332185,0
28547966,0
92095919,0
96622946,0
83770587,0
2714622,0
48863277,0
5666378,0
9518822,0
46678844,0
51970128,0
57382212,0
15685502,0
2992486,0
33778608,0
60875936,0
57258798,0
71507873,0
80396561,0
15492735,0
29843442,0
88824982,0
15461417,0
37430257,0
27296197,0
45993845,0
43985003,0
1567497,0
38677204,0
69638863,0
93939541,0
70988604,0
68156212,0
43497279,0
89487928,0
40977043,0
63478078,0
99699527,0
43485617,0
21298518,0
93299699,0
47041136,0
68832301,0
14230443,0
87921552,0
38877775,0
33176512,0
67680029,0
96296215,0
9967644,0
30118153,0
41740108,0
65617755,0
6020257,0
90701427,0
8132820,0
51491644,0
46213241,0
30723799,0
88449338,0
5205423,0
96793902,0
57114416,0
4123368,0
72341948,0
17326412,0
38671122,0
29707168,0
57350950,0
59772148,0
17443767,0
12149925,0
53210255,0
23502523,0
15115077,0
11532626,0
15223800,0
91104747,0
67046767,0
61572068,0
98717821,0
46857524,0
56182602,0
54063746,0
78437901,0
90545910,0
49962107,0
28658492,0
34124149,0
85847787,0
67093735,0
20634247,0
55455058,0
51115167,0
29293837,0
87647466,0
48741933,0
78780287,0
15428955,0
39796731,0
56006743,0
62943829,0
24799640,0
87640447,0
62450762,0
75437669,0
93425486,0
97821953,0
62561374,0
18501672,0
42253470,0
70327108,0
31190735,0
30978132,0
47121169,0
70549535,0
93556332,0
56902795,0
82577816,0
84468025,0
25758474,0
37050951,0
31346629,0
50175498,0
94084091,0
5041537,0
37649427,0
67731915,0
30564909,0
67755320,0
53220188,0
87042376,0
53776320,0
17471274,0
40851388,0
46236143,0
6177329,0
58687545,0
84807183,0
53545689,0
70503463,0
21711599,0
34413154,0
10045498,0
67440736,0
49817949,0
31502987,0
22902140,0
78970218,0
31686248,0
79575808,0
57609182,0
34931235,0
9568127,0
26467726,0
70145905,0
53594805,0
79134293,0
54313259,0
38268015,0
69978228,0
65465815,0
87001997,0
78681889,0
30937173,0
13756442,0
40842773,0
84105822,0
88335754,0
74340205,0
31497342,0
44790747,0
85283488,0
29640440,0
84989291,0
48101409,0
30151817,0
29560954,0
35652444,0
40000227,0
40506156,0
59519264,0
65375835,0
32222099,0
2740197,0
77821007,0
58861824,0
45305790,0
21043900,0
17031888,0
5915744,0
57798368,0
92244211,0
36201953,0
77305367,0
87273960,0
38337584,0
5175075,0
20060413,0
16731650,0
16767160,0
1887297,0
61015849,0
98230530,0
66205516,0
92389091,0
78665503,0
18019658,0
43942445,0
93254585,0
62417559,0
5073755,0
86397318,0
23904796,0
75699831,0
19380743,0
96064810,0
53321767,0
47005673,0
92030796,0
16917381,0
74714195,0
48992497,0
32489134,0
96985665,0
94690276,0
92773945,0
92981530,0
77036586,0
64637880,0
19411412,0
12403092,0
95297546,0
76675942,0
94554064,0
54677927,0
99421915,0
48642623,0
87820821,0
88991035,0
546786,0
83098697,0
90601024,0
93257855,0
59331236,0
44086992,0
65096679,0
50211811,0
48828269,0
97231090,0
91091612,0
12494146,0
70307755,0
95517287,0
97768820,0
43021363,0
76252471,0
6909825,0
82716985,0
95560887,0
90687929,0
11468930,0
7052402,0
37510454,0
61431388,0
88058347,0
94017493,0
73020815,0
56639375,0
58337944,0
81546263,0
70291802,0
39863574,0
49056586,0
69319418,0
94488268,0
75448743,0
36878451,0
75672703,0
99980396,0
97301558,0
56369187,0
50611937,0
49561887,0
22144602,0
90573345,0
4166824,0
30979258,0
75828785,0
33898329,0
9064527,0
81630787,0
69821687,0
81888944,0
57052980,0
62723208,0
2279881,0
42095372,0
48898186,0
30386561,0
49652169,0
11576272,0
46876368,0
16848662,0
56019414,0
91267161,0
9185090,0
15462118,0
27591424,0
31926450,0
69079911,0
21996327,0
78370125,0
43860093,0
19205707,0
95960373,0
32744799,0
19217936,0
35759626,0
35726426,0
32071141,0
82518781,0
31155703,0
80012667,0
66250675,0
55262942,0
65128317,0
57501477,0
86349761,0
39050355,0
74875050,0
7832145,0
57403649,0
58413297,0
26577074,0
32395249,0
72126896,0
86504325,0
71276247,0
98940105,0
47176666,0
38286663,0
63576914,0
4869616,0
36483672,0
16083891,0
84542981,0
505638,0
17331961,0
34584581,0
18087645,0
70870942,0
25002845,0
73505717,0
46251528,0
36798944,0
69100576,0
24372365,0
79685736,0
23481237,0
9811952,0
50474809,0
65193271,0
8573680,0
74697056,0
75194021,0
95833087,0
50851892,0
96237960,0
7422874,0
94098205,0
35320267,0
76295599,0
83423425,0
50388916,0
5126711,0
19501407,0
82256137,0
23998119,0
56420502,0
99977292,0
81112840,0
4472392,0
30118259,0
50009033,0
3419519,0
61977775,0
67889174,0
67440285,0
63592952,0
66293375,0
2881605,0
95647900,0
69897761,0
48267901,0
23100536,0
62345856,0
28177755,0
73483226,0
75010111,0
74727448,0
38178693,0
82559544,0
12617567,0
39020827,0
55086907,0
71479996,0
95978439,0
99963907,0
38994119,0
75434370,0
6077466,0
80929391,0
16205321,0
8367960,0
59026499,0
94799202,0
94883274,0
14737664,0
24590834,0
55652847,0
75432576,0
99345992,0
64584327,0
10600843,0
77963577,0
68893149,0
95096481,0
62630176,0
38699841,0
75444663,0
54659930,0
95162940,0
90077714,0
36576206,0
15742901,0
74146605,0
50756916,0
94051956,0
85050173,0
1546466,0
16378266,0
3368868,0
26625334,0
49061245,0
79387154,0
51358237,0
28548186,0
49057698,0
56159176,0
58798311,0
69598297,0
3640332,0
59953125,0
73189859,0
16989800,0
54999489,0
8115829,0
5540528,0
59672142,0
80678417,0
83405070,0
46180411,0
35896357,0
2299975,0
33556885,0
90719506,0
65625505,0
51427893,0
9470892,0
7451151,0
28495076,0
53701818,0
79241506,0
36212426,0
12542657,0
99157874,0
48254713,0
86265315,0
57925369,0
43894350,0
93340268,0
59247238,0
78194360,0
20644899,0
49648925,0
99442647,0
5810923,0
37591390,0
59061421,0
79843973,0
93810487,0
29319224,0
99548823,0
86537932,0
788112,0
36839127,0
2518708,0
24933807,0
46479242,0
37492547,0
62374959,0
75106459,0
61267221,0
46222201,0
66333061,0
94327036,0
49575501,0
85342830,0
48289048,0
55343396,0
50209827,0
74850786,0
87025871,0
97823161,0
72070089,0
68764710,0
8232645,0
52676628,0
39873090,0
89134791,0
46192684,0
114348,0
25464048,0
3017155,0
1308272,0
12120260,0
20219112,0
94913380,0
69269626,0
59068281,0
79157249,0
93021647,0
21548262,0
49672261,0
5537969,0
4736518,0
4469885,0
27284097,0
17880287,0
43308339,0
85336948,0
26589647,0
78983227,0
78058615,0
31950329,0
18451037,0
63435663,0
94826464,0
80452059,0
69993604,0
52403999,0
33073311,0
85463132,0
82903963,0
6736634,0
69006499,0
11621687,0
99493161,0
88503692,0
61740250,0
28177840,0
16065892,0
18836944,0
27005758,0
18630831,0
38519546,0
41975596,0
52118643,0
21841275,0
43300261,0
65910902,0
21246374,0
54921924,0
36028228,0
16806190,0
5600220,0
33387749,0
17039869,0
82386433,0
74742346,0
47580121,0
22755426,0
74611939,0
56843890,0
75781902,0
60322160,0
26362332,0
11330604,0
42052021,0
87580670,0
15321146,0
96486076,0
6037894,0
72527809,0
4067941,0
3284483,0
82338075,0
43736516,0
85035842,0
64800004,0
43883286,0
92902436,0
81404322,0
8586902,0
20743864,0
98827945,0
904539,0
42928556,0
62810506,0
31405907,0
29389212,0
68309319,0
54185672,0
88805806,0
81846240,0
81637000,0
83074025,0
43206568,0
10506836,0
58053783,0
89666546,0
74483095,0
94091803,0
63550907,0
72148596,0
92138651,0
25824736,0
9515541,0
93024496,0
9032723,0
82203542,0
34791180,0
93060710,0
89333392,0
86167681,0
45821941,0
17929375,0
57271742,0
64522548,0
37922169,0
28566958,0
20678392,0
10666447,0
98751581,0
5503337,0
82650025,0
90816770,0
55277921,0
95635714,0
6732250,0
58313441,0
90187741,0
8386564,0
8962721,0
41924835,0
73187721,0
69942970,0
12615543,0
94765793,0
53042935,0
11963965,0
59722733,0
71805563,0
49283085,0
85772891,0
2333956,0
67118981,0
75087599,0
17695034,0
64546343,0
55860979,0
90238920,0
66187633,0
61989470,0
24562550,0
89379560,0
20494087,0
10176170,0
87325972,0
24262944,0
76658003,0
51027977,0
89414301,0
26416279,0
71512641,0
59532496,0
91123473,0
6058567,0
86107871,0
45258227,0
9898769,0
84765219,0
69963880,0
14252692,0
23168102,0
20177708,0
13847189,0
32011956,0
76409349,0
26648481,0
23492963,0
9282182,0
41553813,0
92881935,0
75846138,0
40845931,0
89292619,0
84811427,0
72525197,0
45750252,0
6680148,0
46577243,0
34204036,0
39582005,0
23265782,0
84502173,0
82239419,0
13398107,0
6611252,0
3143586,0
98814674,0
28993835,0
41828443,0
42800618,0
8989665,0
58161351,0
76149338,0
42363434,0
71476478,0
91424609,0
79618475,0
19776711,0
26899287,0
16420571,0
61821103,0
33383476,0
6142398,0
35457095,0
48737736,0
26557373,0
8788444,0
35424326,0
83192420,0
27923912,0
27969702,0
43934227,0
5398205,0
22444378,0
19601368,0
79361268,0
24351865,0
66019252,0
4707639,0
64697439,0
83606802,0
48753673,0
79010721,0
55538514,0
32205266,0
64530618,0
15944492,0
97088859,0
70354106,0
39095291,0
63090151,0
63566482,0
27913607,0
51318217,0
8462275,0
79131647,0
19786837,0
58610651,0
12036459,0
97777635,0
7934309,0
11631584,0
92663392,0
8133598,0
49741231,0
25667968,0
40516517,0
26503902,0
98937245,0
92905157,0
84767947,0
26175665,0
80114946,0
27959814,0
87072731,0
84791354,0
15042083,0
35513928,0
10309206,0
56637665,0
2329892,0
37127213,0
24686795,0
77091333,0
76133553,0
55040277,0
81936989,0
22393664,0
30531223,0
85692112,0
65983905,0
25070887,0
8928713,0
95996031,0
50502217,0
82606755,0
9610338,0
39590939,0
31828289,0
21106621,0
69161700,0
55388140,0
41519597,0
19562337,0
62223163,0
52742755,0
42087923,0
7184486,0
32497523,0
30552147,0
57539287,0
94110872,0
10805399,0
65104213,0
18597595,0
3848748,0
20475991,0
31347061,0
57368776,0
57334646,0
38783952,0
16867721,0
98044201,0
36304348,0
34897653,0
50568769,0
98903568,0
99451669,0
69712465,0
52388516,0
90274663,0
31725904,0
49101,0
33273458,0
58409683,0
34857695,0
62118296,0
1983589,0
97167196,0
77152157,0
2264868,0
13360298,0
26059244,0
2942372,0
56606308,0
39867108,0
22358381,0
90168457,0
25768503,0
61242490,0
67738197,0
35760376,0
72027887,0
137367,0
23249307,0
96490465,0
34827776,0
50938480,0
99257244,0
48657857,0
97920990,0
31526683,0
7125539,0
34213354,0
941185,0
81924309,0
64222251,0
67328641,0
15528235,0
67104228,0
20181536,0
21925358,0
9546077,0
50726996,0
50500924,0
45467593,0
21461075,0
52194263,0
91345935,0
28286397,0
73341034,0
50128250,0
18894701,0
51187752,0
29184203,0
95303296,0
32329847,0
80613198,0
85870868,0
18586518,0
13404665,0
9279596,0
98115494,0
70951201,0
19270512,0
37397665,0
61294827,0
67075839,0
74229871,0
48087576,0
33962160,0
11819055,0
42391654,0
93857026,0
20306938,0
23089574,0
26618467,0
86298795,0
56734262,0
63278887,0
20180564,0
27825516,0
47430126,0
87094958,0
1211346,0
71615404,0
91434583,0
70555555,0
5378522,0
93521276,0
52866075,0
66568484,0
91522301,0
28053875,0
21222306,0
95022855,0
23769674,0
42971992,0
54513531,0
43010105,0
98687585,0
68870981,0
70927779,0
66269250,0
68387921,0
35771719,0
53571593,0
29308982,0
961425,0
14556762,0
23070515,0
98524751,0
91443341,0
82825677,0
43635814,0
48860774,0
94057328,0
79728544,0
19742951,0
48090752,0
28894117,0
9353057,0
29046784,0
6019747,0
11739616,0
99516727,0
17537261,0
24040537,0
10290561,0
83213051,0
81285545,0
44531200,0
8956496,0
76553385,0
55705601,0
33824604,0
10328342,0
68844152,0
60716101,0
55503382,0
76762108,0
39078187,0
50869220,0
34789111,0
95017477,0
390759,0
8386842,0
46890042,0
31289601,0
77197207,0
37025153,0
93504782,0
47563681,0
1023983,0
4267952,0
33587322,0
84068355,0
24308330,0
8683178,0
72140437,0
89517332,0
23119288,0
68101656,0
60471515,0
48815656,0
40077085,0
94047150,0
60884845,0
11474181,0
37146759,0
28298874,0
22222581,0
73155567,0
76449337,0
84688545,0
3116382,0
4099715,0
86371933,0
67598153,0
42814673,0
76073429,0
70303104,0
85002173,0
31588161,0
29328681,0
72031273,0
62312250,0
28569111,0
41593548,0
8336166,0
74322014,0
86017864,0
63311784,0
15047873,0
29913705,0
60038858,0
87592864,0
73175338,0
29895357,0
19782421,0
74302740,0
63887417,0
31958154,0
86049699,0
67058810,0
50964651,0
36084703,0
56654346,0
27718329,0
16923362,0
50129303,0
36781400,0
95796340,0
80022190,0
36318766,0
38108266,0
13302287,0
20178101,0
11337455,0
5258986,0
73483231,0
86914451,0
60159397,0
77068875,0
72610624,0
33711854,0
24943882,0
24513041,0
41914154,0
81746047,0
59676418,0
24785146,0
78208546,0
84524540,0
71860004,0
59971322,0
97351339,0
47499859,0
49385418,0
78577781,0
43150346,0
63424255,0
40782485,0
80476834,0
75983165,0
44835891,0
84328244,0
12781840,0
2768803,0
93471653,0
44237168,0
85791877,0
93553972,0
71222388,0
77106908,0
98871207,0
38138134,0
60334649,0
541452,0
15786927,0
86176665,0
76122863,0
635849,0
88811974,0
14300407,0
7902188,0
77729054,0
23609687,0
90990235,0
90958844,0
16617058,0
6920906,0
96631712,0
8334161,0
72557966,0
28759413,0
56198813,0
97442926,0
21734206,0
22802134,0
19898375,0
45227053,0
80140038,0
61949485,0
18727270,0
99563845,0
22957454,0
9464652,0
52025881,0
93979672,0
66923876,0
20674086,0
53554577,0
16795304,0
9391844,0
15267436,0
99285854,0
72199057,0
43843285,0
53794818,0
95895478,0
21714665,0
53767250,0
45863288,0
29076626,0
272657,0
58310145,0
68671525,0
45630829,0
72545770,0
54825984,0
95074297,0
77232640,0
39452396,0
75183304,0
87069325,0
18474311,0
61766010,0
94211608,0
84100380,0
12878356,0
63121791,0
63255234,0
15196059,0
25021061,0
24862707,0
98013568,0
57417933,0
31510849,0
40080020,0
7479579,0
42270256,0
98015435,0
53040376,0
21257861,0
48573524,0
24129110,0
69015745,0
13682748,0
61628007,0
56436494,0
86755845,0
98153083,0
42239766,0
21264734,0
3837731,0
63178980,0
2463795,0
58146848,0
82234705,0
32721794,0
4316393,0
13772117,0
68967565,0
21775525,0
40131993,0
24459128,0
93918551,0
83621174,0
61317029,0
19368278,0
36382716,0
61880261,0
56538073,0
72987018,0
31020311,0
11822388,0
27172384,0
99295997,0
65962287,0
15615770,0
62886310,0
1867994,0
84576038,0
51528785,0
96882783,0
23687465,0
38584256,0
21453519,0
16448797,0
68246575,0
60845402,0
6710884,0
97254467,0
71461408,0
25484356,0
41992133,0
18967006,0
10763919,0
17913186,0
56662163,0
37998052,0
69079482,0
19986561,0
35765854,0
5998515,0
7267558,0
35568001,0
64582057,0
77582760,0
71893817,0
81440707,0
25230715,0
69698446,0
68444868,0
65258798,0
96051203,0
48125969,0
53218858,0
43954415,0
7796559,0
8578679,0
20093543,0
2916305,0
67323104,0
37362216,0
55607364,0
36209184,0
89507768,0
70852678,0
84305124,0
7476065,0
30066387,0
22027912,0
49610845,0
28721598,0
31883399,0
18789683,0
78603727,0
80409954,0
35286063,0
60038481,0
46440346,0
89193458,0
63162438,0
53972911,0
21230067,0
92191141,0
174467,0
74514929,0
7196194,0
87076344,0
18429765,0
39761389,0
40032313,0
74420040,0
3136315,0
69687814,0
4730615,0
92733867,0
73465371,0
78101760,0
98486569,0
63043067,0
52504826,0
28824618,0
22624176,0
85564743,0
57671345,0
62165080,0
27080654,0
43402381,0
57582108,0
56143504,0
17106100,0
22296220,0
21791384,0
8082257,0
98299132,0
9893137,0
32276354,0
54840306,0
50986158,0
74515789,0
22968551,0
67688725,0
16044366,0
66894718,0
4092048,0
40957411,0
4178902,0
34918387,0
56109533,0
40794899,0
46759388,0
12234095,0
9607614,0
71046753,0
82232608,0
73598812,0
5658526,0
57380153,0
32428366,0
75707940,0
35536833,0
95019073,0
56982294,0
51982891,0
5752067,0
4773952,0
25095126,0
92972577,0
3086538,0
16115351,0
33559804,0
5151866,0
94785696,0
67465341,0
41586700,0
33892530,0
26524473,0
79715080,0
20011606,0
89555284,0
31448278,0
22216290,0
12811046,0
77097428,0
3238487,0
86950233,0
76824089,0
36772124,0
85765195,0
1714555,0
86503569,0
44766825,0
62618815,0
31934035,0
2733562,0
84899516,0
16412935,0
92999090,0
83063340,0
29730519,0
15377876,0
88914930,0
70213178,0
39248782,0
1177740,0
2169770,0
1271467,0
40912127,0
18824201,0
85573884,0
95142990,0
11947576,0
77568883,0
46156867,0
28380738,0
63699205,0
62048436,0
43494624,0
42418855,0
64617678,0
51129961,0
18903746,0
27548281,0
12059762,0
92128235,0
68456799,0
63636771,0
44853390,0
76988366,0
43006473,0
96760947,0
9314238,0
735380,0
29807848,0
76805207,0
70170473,0
39002418,0
61726597,0
2491620,0
45010798,0
41671408,0
52273929,0
30915783,0
2287385,0
18201273,0
29153041,0
24052054,0
62279169,0
41354564,0
35041097,0
24321064,0
84958317,0
41402784,0
45281708,0
68796728,0
69802115,0
71430149,0
61883472,0
96380771,0
42353680,0
24532978,0
18653633,0
26519326,0
82206834,0
91731161,0
94027744,0
25200502,0
91048652,0
63726080,0
83010794,0
34747280,0
39950974,0
81014923,0
8558731,0
35234377,0
99577519,0
20759806,0
22231387,0
31593977,0
89879557,0
65179321,0
73276006,0
33249832,0
72333984,0
18932060,0
63560017,0
88027952,0
40738451,0
53676879,0
94793384,0
19153043,0
7460402,0
21588377,0
41589258,0
98612933,0
84905539,0
94903682,0
62873812,0
88312732,0
68515960,0
74192474,0
62602001,0
5151296,0
63479862,0
52302940,0
60037489,0
10748004,0
84399280,0
42863380,0
27673939,0
78661245,0
37425501,0
80654697,0
69757958,0
3525018,0
25868288,0
51288726,0
55035689,0
10482140,0
34194330,0
56455029,0
46271150,0
84355057,0
8986053,0
4791875,0
251590,0
72256116,0
47689124,0
64938093,0
24723991,0
84219086,0
1109129,0
79129207,0
80063130,0
46223552,0
27391749,0
9987401,0
40553692,0
13028904,0
74666069,0
2872341,0
2493740,0
83835729,0
2810793,0
50665246,0
58803010,0
41063716,0
57206593,0
52011821,0
72471571,0
66153079,0
56490839,0
62076715,0
57818455,0
24865095,0
71219052,0
38873036,0
52354153,0
83471467,0
80934822,0
36120546,0
99933081,0
55301181,0
64887407,0
62085233,0
67850934,0
68385632,0
69341664,0
14690847,0
51797529,0
9457606,0
82637921,0
37773393,0
64568194,0
54242501,0
1087616,0
5934823,0
70634169,0
66242493,0
99969946,0
45399937,0
10656890,0
43766960,0
39843429,0
44345264,0
40040637,0
72751958,0
81711797,0
79574943,0
80249747,0
60003965,0
45280580,0
97814357,0
98181406,0
67924508,0
45795926,0
16749393,0
17770789,0
26288262,0
45959249,1
71739556,1
34132376,1
13746011,1
87096350,1
55144070,1
84581843,1
43719841,1
85320913,1
2956076,1
60150994,1
96511163,1
66145899,1
7582139,1
31144163,1
63908670,1
62458162,1
53232417,1
5970496,1
42349925,1
31246163,1
86053103,1
19575612,1
41317327,1
70042394,1
3917249,1
97184762,1
31154341,1
53296243,1
7537770,1
32367036,1
45708558,1
91518405,1
71890029,1
43038038,1
69867854,1
52771053,1
27082609,1
9710131,1
75820447,1
68089681,1
63173740,1
74040264,1
64337148,1
78046743,1
77317057,1
2177252,1
91288568,1
87592072,1
73637026,1
32039101,1
59848536,1
11370413,1
51147020,1
91198017,1
71331376,1
39868111,1
3671964,1
38591786,1
78029866,1
71598295,1
31914539,1
89322067,1
85738855,1
63567342,1
54163999,1
39488811,1
58244158,1
3850938,1
27021493,1
82500322,1
16575331,1
79850492,1
24938289,1
95908088,1
52032698,1
81837813,1
11421609,1
11425537,1
91889063,1
14905888,1
81833822,1
24634142,1
13034121,1
72300603,1
28177141,1
74566126,1
19816808,1
40691305,1
43318158,1
58092791,1
73062350,1
73331514,1
12931945,1
75759478,1
86259433,1
27542007,1
75612674,1
14898358,1
5629290,1
29387755,1
10845911,1
49091935,1
63701376,1
45999685,1
88088251,1
41250316,1
58463825,1
4664861,1
93318533,1
22789341,1
7923928,1
50015929,1
15435442,1
61743191,1
82082452,1
70956280,1
19472226,1
19664544,1
63697046,1
971575,1
15588952,1
49485813,1
21494481,1
12070067,1
52621710,1
87826275,1
75438716,1
65571186,1
89471122,1
60230079,1
89892876,1
46000408,1
50717991,1
43195703,1
19690353,1
90976041,1
25779030,1
68896019,1
9963632,1
69876998,1
71791698,1
56269584,1
64050247,1
99157306,1
13475789,1
60804549,1
78024219,1
57069387,1
15471394,1
83679880,1
22714692,1
98647005,1
17487230,1
94948218,1
64752743,1
19140098,1
77770586,1
16330781,1
10954763,1
11065148,1
91500087,1
71179702,1
92243195,1
31950858,1
55921047,1
28853181,1
16331369,1
15112348,1
43471077,1
12284486,1
49496212,1
4490121,1
52774763,1
5680700,1
24616822,1
31420997,1
43221809,1
72661208,1
4077514,1
17596405,1
8788091,1
32868352,1
68452969,1
88347698,1
99539782,1
79878240,1
48778236,1
28454653,1
35184980,1
39626517,1
66051661,1
86841915,1
60600969,1
36740308,1
15511971,1
30134702,1
52478008,1
28693893,1
21840407,1
67232660,1
88971561,1
77189566,1
47574729,1
6211153,1
41866345,1
46812280,1
98215795,1
68761333,1
86452879,1
91646724,1
16197496,1
61590720,1
69052112,1
60802442,1
98736120,1
90678061,1
19728628,1
15791788,1
78386413,1
76170259,1
2788526,1
33706195,1
95128126,1
90796706,1
68334247,1
77097744,1
90258692,1
80099081,1
29511155,1
76508289,1
70335057,1
42110434,1
16903491,1
1139307,1
903961,1
7756714,1
30912810,1
5613605,1
4038688,1
8365381,1
90312338,1
21323039,1
97698959,1
81193678,1
5013057,1
21697008,1
86799229,1
84153999,1
86645216,1
85148948,1
91720389,1
39855298,1
58165107,1
15659879,1
78720273,1
25207125,1
50669968,1
68945476,1
63749972,1
4974442,1
11292128,1
3243044,1
90020800,1
46363024,1
9076075,1
82182319,1
36940981,1
11898035,1
8241012,1
60151282,1
53092510,1
16989493,1
17304472,1
32124771,1
83882689,1
1732939,1
48931592,1
96730312,1
9210299,1
29643080,1
48926565,1
51656161,1
41676509,1
24551767,1
13498047,1
67927807,1
29697477,1
96785104,1
21006134,1
10886531,1
38355391,1
34954119,1
95514985,1
24774702,1
25634315,1
9112223,1
35274106,1
77087708,1
28537004,1
76169287,1
1469056,1
92906081,1
67532973,1
17027775,1
26555486,1
47510814,1
39584223,1
40868825,1
53645677,1
81388660,1
20490011,1
85358613,1
18164843,1
20714301,1
85600959,1
83827093,1
53406614,1
26165292,1
17361562,1
62498113,1
32569061,1
39352266,1
61980616,1
72726543,1
91235754,1
15904515,1
53198559,1
28464655,1
65148547,1
66050282,1
13466200,1
8645348,1
14641163,1
29718234,1
88146770,1
58788456,1
44851634,1
64810479,1
3555716,1
27475907,1
85394542,1
54786851,1
30134181,1
19423861,1
49373666,1
6725289,1
45457016,1
16779630,1
19282591,1
53268052,1
70367577,1
98641168,1
25601453,1
34471023,1
97566920,1
55352054,1
8779120,1
67316586,1
94883995,1
67042710,1
27252617,1
53774994,1
67901119,1
36247248,1
31945620,1
86358339,1
82379400,1
86977246,1
97160817,1
35476711,1
80174387,1
6445707,1
66118785,1
29874386,1
22564251,1
7346475,1
30275100,1
82225267,1
83733978,1
88759924,1
76357189,1
41570755,1
2532836,1
71186181,1
74428229,1
64030526,1
83314015,1
68012693,1
21957836,1
59068979,1
62638765,1
72762405,1
36989656,1
18686042,1
55843641,1
67898574,1
56152331,1
40826393,1
50985304,1
14275743,1
14709673,1
20757435,1
75315773,1
61092521,1
69270294,1
72251760,1
50774566,1
39460612,1
8425008,1
34747815,1
44491596,1
10711025,1
40090913,1
40389341,1
75685115,1
6329922,1
4555624,1
61403125,1
93670252,1
38964548,1
11763909,1
31919316,1
15923301,1
71243465,1
76310395,1
16761497,1
46606512,1
49971781,1
7191842,1
21417703,1
13645274,1
26063637,1
48461121,1
34921849,1
7308945,1
18506768,1
66382055,1
25699929,1
40173233,1
12829225,1
48036061,1
54064417,1
21343114,1
49145982,1
29980579,1
81564760,1
6040512,1
39010619,1
66144639,1
32683386,1
21383331,1
11228581,1
44128900,1
6006279,1
23310745,1
44695825,1
52102813,1
46967214,1
8692746,1
46797614,1
56743802,1
28386083,1
91338415,1
22638589,1
30337632,1
52060487,1
20486011,1
87171310,1
60373957,1
49430331,1
83256646,1
93136428,1
35905243,1
8180048,1
85659849,1
86384004,1
25603640,1
55086769,1
31303774,1
9899803,1
32467842,1
32805024,1
21702278,1
70163966,1
54593643,1
97822001,1
16267765,1
30219206,1
87407039,1
11325341,1
61134525,1
47577577,1
68136440,1
35715495,1
38707022,1
90621440,1
31733299,1
22332292,1
32131601,1
81824059,1
86748328,1
45980810,1
16522855,1
70372326,1
7722362,1
30629722,1
61127974,1
25581270,1
68897199,1
12051455,1
18915069,1
30523272,1
34977500,1
37884416,1
59924985,1
5633658,1
17299088,1
70109231,1
8470300,1
25191119,1
4347691,1
30165349,1
67762606,1
51543831,1
58515334,1
2353453,1
42592016,1
94904824,1
67196163,1
59636777,1
99622409,1
16692763,1
20242292,1
9922882,1
60958627,1
8458350,1
2098407,1
74733200,1
127946,1
85672181,1
29476508,1
93478197,1
89339102,1
63594478,1
36850034,1
92880945,1
92251335,1
14587736,1
97000540,1
8860625,1
69123469,1
78867169,1
6620779,1
84258441,1
93365847,1
22471512,1
35071735,1
11865703,1
75353732,1
77936187,1
29122508,1
46411454,1
35796889,1
49911170,1
63823503,1
51906433,1
93364246,1
2730512,1
38617012,1
73977285,1
89722350,1
76092488,1
89372866,1
54183215,1
47056620,1
41432519,1
95071817,1
35151009,1
62411289,1
32580378,1
64548384,1
62857590,1
51920655,1
31489742,1
51728818,1
10802212,1
24813332,1
26759878,1
69842066,1
62889274,1
31522603,1
94597887,1
46368438,1
49724677,1
76131079,1
5823643,1
22716068,1
81307573,1
54549909,1
16181139,1
78835307,1
19908111,1
40985902,1
46798020,1
57447668,1
46369214,1
42178458,1
97102876,1
71474169,1
70464233,1
54678951,1
90387824,1
92693027,1
61942794,1
30107575,1
31513807,1
51993392,1
10867310,1
98357840,1
52513416,1
71373271,1
88205843,1
40890730,1
4479599,1
61336379,1
30190284,1
39133728,1
12548009,1
49415555,1
46664014,1
96305302,1
89277710,1
65292213,1
48380112,1
4259997,1
43731955,1
13902815,1
64188812,1
69971972,1
38220721,1
71784584,1
43034825,1
47934592,1
87259796,1
22380244,1
74128530,1
70741079,1
47403816,1
93097514,1
48094140,1
74992220,1
87720854,1
6846017,1
68604501,1
67206030,1
68836930,1
50095077,1
49524835,1
40197046,1
60832587,1
58792452,1
63547841,1
62094116,1
54827084,1
74924638,1
79304680,1
98860494,1
92287593,1
86585517,1
5577042,1
61378124,1
29590075,1
57765004,1
76781240,1
9628464,1
70414581,1
54199565,1
24150050,1
31025203,1
97343828,1
46629877,1
32780077,1
37893432,1
19522641,1
12175094,1
35639928,1
48757968,1
25435988,1
70932702,1
51897936,1
75092576,1
80117442,1
40896482,1
59822250,1
49558902,1
28103058,1
4500911,1
24135148,1
86029773,1
98743588,1
83345157,1
69415814,1
41508616,1
55155107,1
83513635,1
43542559,1
38228045,1
78230017,1
98602832,1
36840873,1
34525614,1
68995347,1
8399326,1
45356726,1
42499362,1
96088836,1
82968409,1
13379653,1
10802856,1
46128853,1
68363141,1
39525371,1
31692873,1
12749531,1
86598882,1
25485208,1
73447475,1
41035404,1
93877315,1
38890720,1
89546168,1
17398749,1
54017209,1
65982943,1
43520938,1
36667035,1
47695293,1
4767937,1
8343937,1
67608216,1
23560101,1
91514864,1
12826852,1
81557213,1
23955932,1
72015340,1
38648262,1
71718427,1
67497098,1
69906772,1
1115426,1
1859939,1
58589812,1
64768263,1
38504895,1
32872364,1
73372506,1
32881291,1
34308656,1
13670767,1
19781292,1
36583334,1
15042079,1
41268389,1
45358821,1
87743758,1
10259614,1
16309666,1
47884197,1
28426327,1
55774120,1
34767686,1
58627203,1
27058219,1
32810102,1
96358534,1
85793831,1
18260853,1
31000653,1
98710498,1
43834098,1
40798321,1
89903581,1
84233768,1
81820532,1
10469400,1
12889098,1
2340137,1
44611289,1
7864129,1
61490379,1
29364402,1
96482107,1
10385103,1
97958366,1
24021156,1
90212469,1
25876033,1
70803862,1
46853761,1
69105757,1
4891744,1
8248366,1
33869172,1
820723,1
64064066,1
71872087,1
73554785,1
61900989,1
38051143,1
40333622,1
61792627,1
20667233,1
1582976,1
28289457,1
23111193,1
29680291,1
85092930,1
24474724,1
60456046,1
97738611,1
95600625,1
56284357,1
24494792,1
21642088,1
39291271,1
21693097,1
77846176,1
93189792,1
69549133,1
51768063,1
12178012,1
2137396,1
11173473,1
83704249,1
53815150,1
45601657,1
67717126,1
29979034,1
19195790,1
21654299,1
57802431,1
45728687,1
35216221,1
64963998,1
42944405,1
38143001,1
88909520,1
66284593,1
41677616,1
9333277,1
2805830,1
55047220,1
3725814,1
7087306,1
19722089,1
44147320,1
11463393,1
29439901,1
66600468,1
10058557,1
74115193,1
53336431,1
45825869,1
56820772,1
99316792,1
73740375,1
81271975,1
27583358,1
98371903,1
11624643,1
98043204,1
70040545,1
92866269,1
89117677,1
55200262,1
16102335,1
82019973,1
38841087,1
74418143,1
98410081,1
13210353,1
8664193,1
97001312,1
14647979,1
91075186,1
61385271,1
32694726,1
27995307,1
85702844,1
59412639,1
53477202,1
78336615,1
71946204,1
65190849,1
23495851,1
97994480,1
53095860,1
34226912,1
10875817,1
15913937,1
28681720,1
2464493,1
62084181,1
52457006,1
73979134,1
72024916,1
67728458,1
42809309,1
24197647,1
37210858,1
39408065,1
62735032,1
55045775,1
43085507,1
81744193,1
81821284,1
24654774,1
38596162,1
63314146,1
33423516,1
42994382,1
95543007,1
19755340,1
30148004,1
61283132,1
3510307,1
61531890,1
34319306,1
83046515,1
99159420,1
39937696,1
76583555,1
59398993,1
589185,1
57845894,1
57154397,1
32015063,1
59473185,1
58403873,1
95161467,1
42183126,1
31691920,1
31342965,1
54536278,1
48263763,1
36631696,1
86760951,1
47468128,1
18938727,1
82336582,1
65042737,1
71758343,1
82584130,1
69687686,1
91495269,1
55506779,1
27177913,1
44653968,1
27887815,1
55530412,1
13842267,1
58986725,1
20982341,1
39097085,1
95933361,1
61928724,1
61422381,1
43930125,1
77230698,1
47843594,1
76065011,1
65493433,1
19295298,1
61892054,1
98738068,1
53523819,1
61659690,1
97725541,1
14454241,1
32861121,1
31734301,1
24045274,1
45251588,1
55237182,1
30583637,1
4494007,1
69228691,1
43931691,1
75604431,1
15752946,1
96730687,1
19659253,1
19283529,1
95752823,1
67292802,1
64392377,1
70917262,1
27398217,1
82656164,1
48738935,1
25852902,1
53847866,1
72166069,1
68859425,1
28676160,1
69990113,1
48970597,1
21794621,1
97254884,1
83835663,1
48404060,1
40617181,1
27170316,1
98331257,1
96189210,1
40675517,1
22127678,1
47725062,1
18152888,1
55806303,1
72856775,1
74143191,1
6466909,1
24091159,1
32137332,1
51643708,1
16321752,1
68607680,1
55049025,1
96780413,1
80043060,1
34661969,1
14713603,1
49500029,1
44873974,1
7636954,1
11397076,1
82724299,1
79854567,1
65833509,1
69904612,1
85496219,1
43768815,1
72417018,1
378318,1
17287341,1
93354906,1
79035179,1
67149540,1
61952744,1
58015523,1
20134416,1
87040745,1
14652271,1
58794851,1
41930138,1
61502221,1
54871257,1
69646893,1
31865392,1
85805978,1
97345452,1
91247692,1
58699299,1
3996099,1
83915586,1
88319560,1
88583226,1
76229986,1
17433826,1
21570595,1
4020883,1
72660931,1
18040048,1
34055503,1
83655199,1
24952158,1
6199148,1
50517114,1
96580939,1
7802557,1
69243840,1
67547399,1
43791407,1
33936617,1
98283387,1
86452253,1
39344042,1
41253082,1
4448989,1
87644502,1
95127980,1
59751558,1
78538730,1
5192089,1
82335322,1
94894701,1
94047214,1
59573640,1
13447213,1
12075801,1
92901788,1
86908329,1
16671175,1
93409100,1
90236282,1
46549155,1
96150651,1
99603465,1
99289665,1
42123803,1
47770801,1
38019268,1
82072486,1
90849430,1
43641791,1
93482866,1
86992060,1
74376012,1
90909392,1
85508463,1
91256782,1
31195009,1
38180274,1
61090794,1
15205815,1
73963025,1
48175348,1
31897225,1
80608304,1
66936891,1
59850201,1
55128348,1
57631143,1
79678716,1
91468542,1
45479973,1
17075581,1
7278214,1
36326817,1
35200352,1
45828687,1
73172177,1
76878167,1
64369553,1
71688082,1
30333151,1
8250969,1
57651456,1
86356385,1
22443107,1
87469673,1
37499325,1
25605244,1
41749399,1
94775644,1
72823987,1
40208033,1
13388782,1
57826194,1
4893652,1
5415486,1
83669219,1
32324963,1
29678690,1
15040528,1
74752178,1
48290280,1
24342504,1
29242919,1
23200885,1
86892524,1
42754291,1
52646727,1
74612100,1
8416735,1
16905276,1
60164248,1
23867275,1
3812843,1
83577667,1
60768036,1
77248184,1
25674364,1
9036453,1
93643088,1
40002529,1
214804,1
1088175,1
22774413,1
65075641,1
22347463,1
71841763,1
19526545,1
44169982,1
26675767,1
39725691,1
51088221,1
78773470,1
49895138,1
24187802,1
48379608,1
88323560,1
91870575,1
68424595,1
21589939,1
29164757,1
38514044,1
1420045,1
42706169,1
64099732,1
90869648,1
76626549,1
89537039,1
57495074,1
47813563,1
81768650,1
46931053,1
15993282,1
36201007,1
22378093,1
52439629,1
36734991,1
39729757,1
84877317,1
15737383,1
11142729,1
28411811,1
24871911,1
84786346,1
12942642,1
14106416,1
93358299,1
9337468,1
93721775,1
41206678,1
98252174,1
85577080,1
85929877,1
7969887,1
29495596,1
65797083,1
92158910,1
85352744,1
50746975,1
34851657,1
74637057,1
26127374,1
69323403,1
89720806,1
49728929,1
44698445,1
52203393,1
75474864,1
9279923,1
78841869,1
11511328,1
69883643,1
10589831,1
5853490,1
30702646,1
6915792,1
24178563,1
53696635,1
94654195,1
49228428,1
75849526,1
20085540,1
60105418,1
78603033,1
81969361,1
76773689,1
89519790,1
91531639,1
43550880,1
93350383,1
47511758,1
62131392,1
11148023,1
17384779,1
33644001,1
14017807,1
53245434,1
79005623,1
63729265,1
27145285,1
85267206,1
53766369,1
88038449,1
21084731,1
25882049,1
28776112,1
32235956,1
25501376,1
98028774,1
96198451,1
11332993,1
67842357,1
77125355,1
87978378,1
81469705,1
77974617,1
80922666,1
32564509,1
51093437,1
21166839,1
38016815,1
8790528,1
7999570,1
16711781,1
65803757,1
33036113,1
83159171,1
62498399,1
38726219,1
81881468,1
34746864,1
98264927,1
78559970,1
12010535,1
32810617,1
82854894,1
39077584,1
97247338,1
